id,doc_id,Texto
1,1,"Woooooooooo
Yeah yeeh yehh
Woooooooooo
Yeah yeeh yehh

Vamos a prender
Vamos a matar ouh uoh uoh
Vamos a prender
Vamos a matar ouh uoh uoh
Ay yo sé que te gusta gial
Ay yo sé que, te gusta gial
Vamos a beber
Y a celebrar ouh uoh uoh
Vamos a beber
Y a celebrar ouh uoh uoh
Déjame ver lo que hay atrás
Déjame ver lo que hay atrás

A ella le gusta la candela
Y que la prendan en llamas
Y por la noche me llama
Ella me abre la ventana
Que no se de cuenta tu mama

Sabes que tengo la vaina
Cuando prendemos la vaina
Sé que te sientes en las nubes
Te gusta como te sube
Ahora es que empieza la movie

Faltan 35 pa las 12 hookah henny rose
Hookah henny rose
35 pa las 12 oh yeah oh yeah
Oh yeah oh yeah
35 pa las 12, hookah henny rose
Hookah henny rose
35 pa las 12 oh yeah oh yeah
Oh yeah oh yeah

Mami yo vine con la grasa
Que te pasa, prende y pasa
Ay mami tu tienes la grasa
Y esa chapa que amenaza

Y a mi me gusta así
Me gusta así así, así, así, así
Como lo mueve mami asi así así
Se siente como si te hicieron para mi yeah
Me enciendo y despegamos de aquí

Faltan 35 pa las 12, hookah henny rose
Hookah henny rose
35 pa las 12 oh yeah oh yeah
Oh yeah oh yeah
35 pa las 12, hookah henny rose
Hookah henny rose
35 pa las 12 oh yeah oh yeah
Oh yeah oh yeah

Woooooooooo
Yeah yeeh yehh
Woooooooooo
Yeah yeeh yehh

Eres una diva, diva
Viajamos a las Maldivas
Y disfrutamos de la cima
Que bien te ves encima, de mi

Maleta de Goyard, le gustan las joyas
Disfruta del mar, vestido de Saint Laurent
Channel es su olor, le gusta mi flow
De diseñador, visto four to four

Y a mi me gusta así
Me gusta así así, así, así, así
Como lo mueve mami asi así así
Se siente como si te hicieron para mi yeah
Me enciendo y despegamos de aquí

Faltan 35 pa las 12, hookah henny rose
Yeah hookah henny rose
35 pa las 12 oh yeah oh yeah
Oh yeah oh yeah
35 pa las 12, hookah henny rose
Hookah henny rose
35 paa las 12 oh yeah oh yeah
Oh yeah oh yeah

Woooooooooo
Yeah yeeh yehh
Woooooooooo
Yeah yeeh yehh"
2,2,"Kapital Music
(¿Aló?)
(Ya estoy en Medallo, mor)
Colombia gang, gang
(Te veo en El Poblado, pues)
Remix

En un PH, en El Poblao’, me la comía
De ella me quedé enchulao’, yo no sabía
Hicimos poses que, en verdad, desconocía
Esa noche no la he olvidao’ (this is the remix)

Le compré unos panty Moschino pa’ que modele (leggo)
Y un perfume Bond
¡Ay, qué rico huele! (latino gang, gang)
Ese culito es mío, ya yo tengo los papelе’
Encerrado
En un PH en El Poblado (this is thе remix)

Le compré unos panty Moschino pa’ que modeles
Y un perfume Bond
¡Ay, qué rico huele!
Ese culito es mío, ya yo tengo los papele’
Encerrao’
En un PH en El Poblado

Yeah, yeah

Yo nunca le altero el pH
Te quiero en cuatro pa’ que grite’: Oh, shit
Se me cayó el lápiz, baby, quiero que te agache’
Si le jalo el pelo, no importa si estoy muy guache
Ella solo disfruta de mi PH

Baby, baby honey
Ella quiero sexo, no quiere money
Pa’ ella la vida es un rollin’, haciendo el amor por hobby
Su novio tiene cara ‘e enfermo, ese hijueputa tiene COVID
Y yo soy eterno como Kobe

Tú está’ en mi penthouse y ella’ están en el lobby
Aquí no te joden, si tú juega’, quedan en game over
Si me voy a tu casa, soy amigo de tu brother
Y dile que aquí somo’ cantante’, que no hacemos covers

Que soy el que la desvisto
Le compré unos pantis de una marca que tú nunca has visto
Agresiva cuando se lo meto
Y vamo’ a subir el blackout pa’ ver El Poblao’ completo

Y si tú tiene’ los papele’ en este culo
Porque has pagao’ caro, yo facturo
Panticito Moschino y pa’l oscuro
Y yo prendo el bareto y lo circulo (bebé)

Dale, ponte las bota’ y en la nota
Vamo’ azota estas nalgota’
Tengo que sudarla gota a gota
Y, en Colombia, to’ me gritan: mamasota

Un chin
Todo’ quieren un chin (papi)
Es la nena de Medellín
Los que ven me ven y dicen: ¡Qué chimba, Karol G!
(Karol G)

Eh, un chin
Todo’ quieren un chin
Bailando, ando por Medellín
Este booty que tenemo’ brinca como trampolín

Le compré unos panty Moschino pa’ que modele
Y un perfume Bond
¡Ay, qué rico huele!
Ese culito es mío, ya yo tengo los papeles
Encerrao’
Con este hijueputa en El Poblado
(J Balvin, man)

En el cuarto, bebé, la ciudad no se ve
Fija en el balcón pa’ que la vista le dé
Media violenta, quiere que la cacheteé
En un PH con esta HP

¡Qué rico le huele ese Bond!
Y no es solo perfume, abajo le huele a jabón
La niña no fuma, pero quiere prender un blunt
Dos días encerrao’, esto parece un maratón

Tiene novio, por eso no quiere comprometerse
Pero él no le da así como yo le doy
Le compré un juguete pa’ que cuando él no esté, me piense
Y también

Me compró unos panty Moschino pa’ que modele
Y un perfume Bond
¡Ay, qué rico huele!
Todo el culito mío, ya yo tengo los papeles
Encerrado'
En un PH en El Poblado
(Ya tú sabe’ cómo va)

La encerré en mi PH, le compré un ACH
Ella nunca pichea porque yo soy un cacher
La dejé moja’íta, vuelta flow Triple H, eh, eh

Te canto El Perdón y te hago travesura’
Con ese culo, voy a la segura
Te juro, baby, tú ere’ la más dura
Y tú estás

Loca, loca, loca con el Nicky-Nicky
Perrea desde los tiempos de Wiki Wiki
No acabamo’ y ya quiere montar el repeat
Nunca me dice que no, siempre: claro que sí

Loca con el Nicky-Nicky
Perrea desde los tiempos de Wiki Wiki
No acabamo’ y ya quiere montar el repeat
Nunca me dice que no, siempre: claro que sí

Na-na-nadie se imagina cómo tú y yo nos comemo’
Viendo las estrella’, nos enloquecemo’
Toda’ las botella’
Nos las bebemo’
Los dos encerrao’, lo hacemo’ y prendemo’

Le gusta el reggaetón
A mí su perfume Bond
Quiero que me modele’ y te grabe’ con el phone
Moviendo ese culo, baby, tienes el don
Pa’ pedir permiso, mejor pido perdón

Me tiene enviciao’, wao, wao
Encerrado en el penthouse, wah, ah-ah-ao
Con la vista de El Poblao’, ah-ah-ah
En el jacuzzi vo’a meterte
Profundamente conocerte

Le compré unos panty Moschino pa’ que modele
Y un perfume Bond
¡Ay, qué rico huele!
Ese culito es mío, ya yo tengo los papele’
Encerrado
En un PH en El Poblado

Me compró unos panty Moschino pa’ que modele
Y un perfume Bond
¡Ay, qué rico huele!
Todo el culito mío, ya yo tengo los papeles
Encerrado'
En un PH en El Poblado

Yeah
Crissin
Karol G
Totoy El Frío
Natan y Shander (Colombia está)
J Balvin, man
Ey
Nicky-Nicky-Nicky-Nicky-Nicky Jam, yo’, ey
Natan y Shander Los Bro
This is the Remix
Alex The Big Pieces
Fénix
La Industria Inc.
Puerto Rico y Colombia
SOG Music
(Sky Rompiendo, Rompiendo El Bajo)
(Yah)"
3,3,"Yeh, yeh
Yeh

Pensaba que te había olvidado; eh
Pero pusieron la canción; eh-eh-eh
Que cantamos bien borrachos
Que bailamos bien borrachos
Nos besamos bien borrachos, los dos

Pensaba que te había olvidado; eh
Pero pusieron la canción; eh-eh-eh
Que cantamos bien borrachos
Que bailamos bien borrachos
Nos besamos bien borrachos, los dos
Pensaba que te había olvidado

Justo cuando creía
Que por comerme a dos o diez, te olvidaría
Cogí un respiro y me salí de la vía
Y como un pendejo, no sabía lo que hacía

Nunca lo superé (no), nunca te superé (no)
Hasta me aprendí todas las baladas en inglés
Respiré y conté hasta tres (uno, dos, tres)
Eres la fantasía oscura de Kanye West, bebé

Hace tiempo lo barato me salió caro
Yo solo twitteo, balas locas disparo
¿Cómo olvidar la bellaquera en el carro?
A que guió solo

Pensaba que te había olvidado (pero no); yeh
Pero pusieron la canción; yeh-yeh
Que cantamos bien borrachos
Que bailamos bien borrachos
Nos besamos bien borrachos, los dos

Pensaba que te había olvidado; ey
Pero pusieron la canción; yeh, yeh
Que cantamos bien borrachos
Que bailamos bien borrachos
Nos besamos bien borrachos, los dos; ey-ey

Y hace tiempo
Que no venías a mi cabeza
Pero ya va un par de cervezas
Y me acordé de cómo tú me besas
De todos los polvos encima de la mesa

Y en el carro, la playa, y el motel
En casa de tu pai', cuando yo te iba a ver
Las veces que tu mai' nos llegó a coger
Tú brincando mojadita, sudando Chanel

Yo sé que lo nuestro es cosa de ayer
Y me pone contento que te va bien con él
Yo ni te extrañaba ni te quería ver
Pero pusieron la canción que te gustaba poner

Y me acordé de ti
Cuando me hiciste feliz
Se acabó, pues, me fui, ey
Yo mismo me río de mí porque

Pensaba que te había olvidado; ey
Pero pusieron la canción; yeh, yeh
Que cantamos bien borrachos
Que bailamos bien borrachos
Nos besamos bien borrachos, los dos

Y yo pensaba que tu nombre estaba muerto, eh
Pero te soñé despierto, ey
Hoy salí pa' la calle suelto
Sin sentimientos, el corazón desierto

Y yo pensaba que tu nombre estaba muerto
Pero te soñé despierto
Hoy salí pa' la calle suelto
Sin sentimientos, el corazón desierto"
4,4,"You know that sometimes
I think about us now and then
But I never wanna fall again, ah
Yo no te quisiera olvidar
Pero contigo es todo o na'
Yeh-yeh

You're deep in water, you're drownin' us
You question my love like it's not enough
But I hate that you know, you know, you know
You got me tied up

You regret it now, but it's your mistake
What makes you think that my mind will change?
And you hate that you know, you know, you know
You know you messed up

One day you'll love me again
One day you'll love me for sure
One day you'll wake up feelin' how I've been feelin'
Baby, you'll knock at my door

One day you'll love me again
Hug me again till the end
One day you'll beg me to try
One day you'll realize I'm more than your lover
I'm more than your lover, I'm your friend

Acércate un poquito, no más
Que yo quiero que te quedes conmigo
Deja a tus amigas allá atrás
Que nos vamos en un viaje escondido'

Nos vamo' pa' Turks & Caicos
Y ahí calmamos las ganas
Suéltate conmigo, mamá
Que ya no hay marcha atrás

Una noche sin ti
No es tan fácil, baby
Que yo soy pa' ti
Y tú eres pa' mí

Nunca me dejes de querer
Oh, na-na-na
Contigo por siempre, baby
No quiero dejarte esta vez

One day you'll love me again
One day you'll love me for sure
One day you'll wake up feelin' how I've been feelin'
Baby, you'll knock at my door

One day you'll love me again
Hug me again till the end
One day you'll beg me to try
One day you'll realize I'm more than your lover
I'm more than your lover, I'm your friend

Yo sé que estoy en tu corazón, quizás en el fondo
Otras babies me escriben, nunca les respondo (no)
La vida da vuelta' y el mundo es redondo
Y yo voy a que te beso de nuevo en London

O, si no, en Marbella
Encima de la arena, viendo las estrellas
Yo sé que ni las olas han borrado mi huella
Pero tu pichaera es lo que me atropella

Sol (Sol)
Playa y en la arena, vamo' allá
Baby, no te quede' callada
Yo sé que tú quiere' guayar conmigo

Otra vez
Me tienes en depresión
Fumando en la habitación, eh
Pero yo sé que

One day you'll love me again
One day you'll love me for sure
One day you'll wake up feelin' how I've been feelin'
Baby, you'll knock at my door

One day you'll love me again
Hug me again till the end
One day you'll beg me to try
One day you'll realize I'm more than your lover
I'm more than your lover, I'm your friend

Baby (ay-ay-ay-ay-aye)
One day you'll love me again
One day you'll realize I'm more than your lover
I'm more than your lover, I'm your friend

J Balvin, man
Bad Bunny, baby
Tainy
Latino Gang
La Familia"
5,5,"Real Hasta La Muerte ¿oí'te bebé?
Tú no quieres saber na' de mí (uhh, nana)
Dime qué fue lo que yo hice mal (dime qué pasó)
Te pusieron en contra de mí (uhh, nana)
Pero es peor pedir perdón que perdonar
Se murió una flor y cambió de color (yeh-ieh)
Tú eras mi diabla, yo te daba calor
Fumando pa' olvidarte, pa' matar el dolor
Y a veces quiero morirme, pero nadie ha muerto de amor

Ahora dice que no me conoce, no, no, no, no, no
Y si me ha visto se supone, que en el pasado fue
Yo sí me acuerdo cómo lo hacíamos
Cómo en la cama nos matábamos (leggo')
Ahora dice que no me conoce, no, no, no, no, no
Y si me ha visto se supone, que en el pasado fue
Yo sí me acuerdo cuando lo hacíamos
Cuando en la cama nos matábamos

Te dejaste manipular, tú no sabes amar
Tú dices que tú me odias, pero tú no me va' olvidar
Sabes que tus piernas, yo te las pongo a temblar
Yo te devoraba, y tú empezaba' a gritar
Si se mueren, en la muerte traicionan, te aman, se van y te odian
Y en la muerte es como la personas que te dejan sola después que te lloran
Hablando con la luna, como un lobo buscando a su loba
Buscando al demonio, que te está devorando en su alcoba
Hablándote mal de mí
Como si yo ya me morí
Dile a ese infeliz que te la coma como yo te la comí
Y que te haga mojarte como yo te hice venirte
Tú dijiste que encima 'e mi cuerpo tú más tú querías morirte, yeh

Sólo yo he podido llegarle
Tu cuerpo sabe elevarse
Y cuando tus piernas temblaban
No decías nada, nada, no, no

Yo sé que nuestro amor es periódico de ayer
Tú crees que es fácil mirarte a la cara y que me diga'
Ya no, no te conozco, pues 'tá to' bien
Tarde o temprano el karma a ti te va a caer, vas a volver
Sólita yo sé que vas a caer
Va a volver a llamarme pa' que te lo vuelva a hacer
Ay nena, no trate', que no me voy a envolver
Porque dicen, y yo creo, que Lucifer es mujer

Ahora dice que no me conoce, no, no, no, no, no
Y si me ha visto se supone, que en el pasado fue
Yo sí me acuerdo cómo lo hacíamos
Cómo en la cama nos matábamos

You ain't cherish shit when you had it
Turn me back to a savage
Grab your stuff while you at it
Now my heart is cold as my Patek, uh
Man, I guess you feel away now
See me on the way up, you on your way down
You had you a ten, but now you a dub
You ain't here, but you wishing you was
You gon' miss grabbing this ass
Now you can miss me with them subs
You don't gotta check on me 'cause I got a check on me
I don't need nothing from nobody, not you especially
And you know that I'm the baddest, Cartier glasses, Fendi fabric
And I'm years away from basic, and I'm miles away from average
But, one thing ain't adding up to me
How you gon' mess with a bitch that look up to me, off

I cannot let up (let up)
Hug me like a Gucci sweater (sweater)
Ain't nobody drippin' wetter (drippin')
I took the time to write a letter (I took the time)
We worked hard out the ghetto
I don't deserve your heart, know you fed up (nah)
We both had a broken heart when we met up
Your body a piece of art, you don't sell it
You know that I miss it, I just wanna kiss it
I scroll through the phone, lookin' how we would kick it (kick it)
Knock at the door, it's a visit
She take that shit off then I fuck in the kitchen (smash)
His and hers, Mr. And Mrs. (hey)
When I talk to her baby girl listens (listen)
I had a dream and you was in it (dream)
When you gone, I feel like I been sinnin'
Come back, come back, come back (come back)
You not really rich, got the bomb pack (bomb)
Dive in the water, have fun with that (dive)
I might put a daughter or son in that (I might)
I bought you a ring and five hundred racks (hey)
She like the triangle Balenci bag (drip)
You know you an angel, come save the bad (angel)
If you really love me then take me back

J Balvin, men
Yo sé que nuestro amor es periódico de ayer
Tú crees que es fácil mirarte a la cara y que me diga'
Ya no, no te conozco, pues 'ta to' bien
Tarde o temprano el karma a ti te va a caer, vas a volver
Los dos, sólita yo sé que vas a caer
Va a volver a llamarme pa' que te lo vuelva a hacer
Ay nena, no trate', que no me voy a envolver
Porque dicen, y yo creo, que Lucifer es mujer

Y ahora dice que no me conoce, no, no, no, no, no
Y si me ha visto se supone, que en el pasado fue
Yo sí me acuerdo cómo lo hacíamos
Cómo en la cama nos matábamos

¡Uh!
Ahora dice, ahora dice
Ahora dice, ahora dice, ahora dice"
6,6,"(¿Qué más pues?)
(¿Cómo te ha ido?)
J Balvin, man

¿Qué más pues? ¿Cómo te ha ido?
¿Sigues soltera o ya tienes marido?
Sé que es personal, perdona lo atrevido
Te pedí de Navidad y Santa no te ha traído

Pero ¿qué más pues? ¿Qué ha habido?
Te perdí el rastro por distraído
La fama de esto me tiene jodido
Pero no me olvido de lo sucedido

Regálame otra noche, quiero verte
Que hay que aclarar par de cosas pendientes
Ma', ¿qué es lo que? ¿Dónde estás?
Dime, a ver, que yo voy, voy (Lady, Lady)

Me perdiste de vista
Ahora es con otro con quien vacilo en la pista (ey)
Ay, José, no me insistas
Das muchas vueltas, pareces motociclista (baby)

Ninguna con este porte
Tengo este booty sin hacer deporte
Nada hace que me importe
Porque mi brújula ya cambió su norte

Cambió desde que te fuiste tú
Papi, eso lo sabes muy bien
No me vengas con esa actitud
Que esa la conozco yo también

No, no, no, no soltera para ti, no, hey
Yo soltera para ti no
Se acabó lo que esa noche nos dimos, hey
Lo que esa noche nos dimos

Pa', ¿qué es lo que?
Sé que quieres saber
Dónde estoy
Hoy

Dime, mai', ¿qué es la que hay?
Esos Nike te quedan nice (wow)
De tu clase, ya pocas hay
Ninguna cabe en tu size

Saca un rato
Que estás sola, ya me dieron el dato
Dame el pin, yo te caigo de inmediato
Ellos intentan y yo ni trato

Baby, esto ya es otra liga
Pero tú estás por encima, ey
Vamos a hacerlo
Aprovecha el clima

Tú estás bien diva
Y ese cuerpo que motiva, baby
Vamos a hacerlo
Que está rico el clima

¿Qué más pues? ¿Cómo te ha ido?
Tú sigues siendo el mismo engreído
Nada personal, pa' novio no has nacido
Y tuviste mucho tiempo, fuiste distraído

Y ahora, ¿qué más pues? Me he ido
Ya es suficiente lo que tú has comido
Aunque no aparezcas, esto me ha dolido
Y de lo pasado, yo no me olvido

Regálame otra noche, quiero verte
Que hay que aclarar par de cosas pendientes
Ma', ¿qué es lo que es? ¿Dónde estás?
Dime, a ver, que yo voy, voy

Regálame otra noche, quiero verte
Que hay que aclarar par de cosas pendientes
Ma' (Pa'), ¿qué es lo que es?
¿Dónde estás? Dime a ver (sé que quieres saber)
Que yo voy (dónde estoy), voy (hoy)

(Solo a ti te llamé en agosto, apareciste en enero)
(Tú de vacacione' en Boston y otro apareció primero)
(Y me está' empalagando y eso que no es golosino)
(Tú mucho me estás mirando y eso que no soy vitrina)"
7,7,"A ella le gus-
A ella le gus-
A ella le gus-
A ella le gusta
A mí me gusta
A ella le gusta
Bailar pa mi
A ella le gusta

Mami mami con tu body (a mí me gusta)
Este party es un safari (a ella le gusta)
Todos miran como bailas (a mí me gusta)
Hoy tu andas con un animal (a ella le gusta)

Mami mami, con tu body (a mí me gusta)
Este party es un safari (a ella le gusta)
Todos miran como bailas (a mí me gusta)
Hoy tu andas...(a ella le gusta)

Baila pa mi

Vente conmigo (a mí me gusta)
Sola conmigo (a ella le gusta)
Vente conmigo (a mí me gusta)
Sola conmigo (a ella le gusta)

Vente conmigo (a mí me gusta)
Sola conmigo (a ella le gusta)
Vente conmigo (a mí me gusta)
Sola conmigo (a ella le gusta)

Todo ese cuerpo que tú tienes me vuelve loco
Y más cuando bailas pa’ mi
Esa mirada provoca y tu toda loca
Te muerdes los labios cuando suena el bet

Oye papi vamos con mis amigas para el party
Tengo algo por un animal
Cuando mi gente está aquí hay tsunami, wavey
Así es lo que me gusta
You know I like it when refresco
Me llamo princesa
Voy a coger provecho
Lo que me gusta
You know I like it when refresco
Me llamo princesa
Voy a coger provecho

A ella le gusta
A mi me gusta
A ella le gusta
A mi me gusta
Bailar pa mi
A ella le gusta

Mami mami con tu body (a mí me gusta)
Este party es un safari (a ella le gusta)
Todos miran como bailas (a mí me gusta)
Hoy tu andas con un animal (a ella le gusta)

Mami mami con tu body (a mí me gusta)
Este party es un safari (a ella le gusta)
Todos miran como bailas (a mí me gusta)
Hoy tu andas...baila pa mi (a ella le gusta)

Vente conmigo (a mí me gusta)
Sola conmigo (a ella le gusta)
Vente conmigo (a mí me gusta)
Sola conmigo (a ella le gusta)
Vente conmigo (a mí me gusta)
Sola conmigo (a ella le gusta)
Vente conmigo (a mí me gusta)
Sola conmigo (a ella le gusta)

Saca la fiera que llevas ahí
Ese instinto salvaje que me gusta
Cuando se pone de espaldas y empiezo mirarla
La tela me rasga y seguimos aquí

Oye papi vamos con mis amigas para el party
Tengo algo por un animal
Cuando mi gente está aquí hay tsunami, wavey
Así es lo que me gusta
You know I like it when refresco
Me llamo princesa
Voy a coger provecho
Lo que me gusta
You know I like it when refresco
Me llamo princesa
Voy a coger provecho

A ella le gusta
A mi me gusta
A ella le gusta
A mi me gusta

A ella le gusta
A mi me gusta
A ella le gusta
A mi me gusta"
8,8,"(SpongeBob SquarePants!)
(SpongeBob SquarePants!)

Esto
Esto es un (ey)

Esto es un party por debajo del agua (J Balvin, man)
Baby, busca tu paragua'
Estamo' bailando como pez en el agua (Tainy, Tainy), ey
Como pez en el agua, agua

No existe la noche ni el día
Aquí la fiesta mantenla encendía' (día')
Siempre que pasa me guiña, ey
Dulce como piña

Esto es un party por debajo del agua
Baby, busca tu paragua'
Estamo' bailando como pez en el agua, ey
Como pez en el agua

Eso es así, debajo del Sol (ey)
Vamo' pa'l agua, que hace calor
Dice que me vio en el televisor
Y que me reconoció, mmm, no fue un error (ey)

Y te conozco, Calamardo
Dale, sonríe, que bien la estamo' pasando
Y estamo' al Gary (Gary), montamo' el party (party)
Estamo' en Bikini con toda' la' mami' (toda' la' mami')

Puedo estar debajo del mar
Y debajo del mar, tú me va' a encontrar
Desde hace rato, veo que quiere' bailar
Y no cambies de tema

Esto es un party por debajo del agua
Baby, busca tu paragua'
Estamo' bailando como pez en el agua, ey
Como pez en el agua, agua

No existe la noche ni el día (no)
Aquí la fiesta mantenla encendía' (día')
Siempre que pasa me guiña, ey
Dulce como piña

Muy fuerte sin ejercicio
Pero bailando se me nota el juicio, ey
Tanto calor que me asfixio
Soy una estrella, pero no soy Patricio, no

Sacúdete la arena, Arenita
Y sonríe, que así te ve' bonita, wow, de revista
Baila feliz en la pista
Bajo del Sol, pa' que quede' morenita, hay party

Puedo estar debajo del mar
Y debajo del mar, tú me va' a encontrar
Desde hace rato, veo que quiere' bailar
Y no cambies de tema

Who lives in a pineapple under the sea?
SpongeBob SquarePants, you know what I mean?
Who lives in a pineapple under the sea?
Bob Esponja, you know what I mean?

(Esto es un party, party, party)
(Baby, busca tu paragua')
(Me gusta, me gusta como si fuera agua, ey)
(Como si fuera agua)

J Balvin, man
Tainy
Mosty, ma'"
9,9,"[J Balvin]
Si el ritmo te lleva a mover la cabeza
Ya empezamos como es
Mi música no discrimina a nadie
Así que vamos a romper

Toda mi gente se mueve
Mira el ritmo como los tiene
Hago música que entretiene
El mundo nos quiere, nos quiere
Y me quiere a mí

Toda mi gente se mueve
Mira el ritmo como los tiene
Hago música que entretiene
Mi música los tiene fuerte bailando
Y se baila así

[Willy William]
Estamos rompiendo la discoteca
La fiesta no para, apenas comienza
C'est comme ci, c'est comme ça
Ma chèrie, la la la la la
Francia, Colombia
Me gusta (freeze!)
J Balvin, Willy William
Me gusta (freeze!)
Los DJ's no mienten, le gusta a mi gente
Y eso se fue mundial (freeze!)
No le bajamos, y nunca paramos
Es otro palo y ¡blam!

[J Balvin y Willy William]
Y dónde está mi gente?
(Mais il faut bouger la tête)
Y dónde está mi gente?
Say yeah, yeah, yeah
1, 2, 3, leggo'
(Ay, di que sí)

[J Balvin]
Esquina a esquina, de ahí no' vamo'
El mundo es grande pero lo tengo en mi mano
Estoy muy duro, ¿sí? Okay, ahí vamos
Y con el tiempo nos seguimos elevando (yeah)

Que seguimos rompiendo aquí (yeah)
Esta fiesta no tiene fin (yeah)
Botellas para arriba, sí
Los tengo bailando, rompiendo y yo sigo aquí (yeah)

Que seguimos rompiendo aquí (yeah)
Esta fiesta no tiene fin (yeah)
Botellas para arriba, sí
Los tengo bailando, rompiendo

[J Balvin y Willy William]
Y dónde está mi gente?
(Mais il faut bouger la tête)
Y dónde está mi gente?
Say yeah, yeah, yeah
1, 2, 3, leggo'
(Ay, di que sí)

[J Balvin]
Worldwide
Willy William
J Balvin, man"
10,10,"Baby
Chris Jeday (Chris Jeday)
Austin baby
J Balvin man
Ozuna baby, (Ozuna)

No quiere saber na' de mí
Ay dime qué fue lo que yo hice mal
Te pusieron en contra de mí
Al que fue no se lo voy a perdonar

Ahora dice que no me conoce, no no no no no
Y si me ha visto se supone que en el pasado fue
Yo si me acuerdo como lo hacíamos
Como en la cama nos matábamos (let go, come on)
Ahora dice que no me conoce, no no no no no
Y si me ha visto se supone que en el pasado fue
Yo sí me acuerdo cómo lo hacíamos
Cómo en la cama nos matábamos

Sé que te pasas negando, todo lo que tú y yo hacíamos
Queda en tu mente grabado todas las veces que nos desvestíamos
Ahora me paso pensando, cómo tú puedes vivir así
Diciendo que no sabiendo que entre sábanas tú te entregaba a mí
Solo yo, he podido llegarle
Tu cuerpo sabe elevarse
Y cuando tus piernas temblaban
No decía nada ya no

Y ahora que ando con el dinero
No quiero interrupciones
De ser la prioridad
Pasaste a lista de opciones
Estoy con la colombiana que se va mañana y la cubana llega a Paris
Llámate al ruso que baje los kilos de oro que llegan a la tarde de Brasil

Solo yo he podido llegarle
Tu cuerpo sabe, elevarse
Y cuando tus piernas temblaban
No decía nada, nada no no

Ahora dice que no me conoce, no no no no no
Y si me ha visto se supone que en el pasado fue
Yo sí me acuerdo cómo lo hacíamos
Cómo en la cama nos matábamos
Y ahora dice que no me conoce, no no no no no
Y si me ha visto se supone, que en el pasado fue
Yo sí me acuerdo cuando lo, hacíamos
Cuando en la cama nos matábamos

(J Balvin man)
Por más que me niegues a mí, no puedes escaparte
Si yo era luz y tu mi sombra y me seguías a todas partes
Nos lograron separar, tú no quisiste escuchar
Fue más importante qué dijo la gente, que a dónde podíamos llegar
En el mundo de mí están hablando
Diciendo mil cosas
Que me ven por aquí, que me ven por allá
Por mi vida famosa
Tú me conoces de años atrás, sabes cómo es la cosa
Tú sabes que yo soy real
Te lo dije una vez
Y dice que nuestro amor es periódico de ayer
Que tú no lo quieres leer, que ni por la calle tú me quieres ver
Si sales de party me escuchas a mí, siempre te preguntan por mí baby
Dime qué se siente ser el fantasma que te atormenta a ti

Dime que pasó mami, todo iba normal
Te hablaron de mí, te dejastes llevar
Tu cuerpo me estaba empezando a amar
Y por culpa de la gente, ahora te toca olvidar
Yo sé que eres infeliz, pero te pasas mintiendo
Fingiendo que eres feliz, mami yo no te entiendo
Ahora él te pone a llorar, también te pone a sufrir
Mientras yo te ponía a viajar, yo linda te hacía lucir

Solo yo he podido llegarle
Tu cuerpo sabe elevarse
Y cuando tus piernas temblaban
No me decías nada nada no no
Ahora dice que no me conoce, no no no no no
Y si me ha visto se supone que en el pasado fue
Yo sí me acuerdo cómo lo hacíamos
Cómo en la cama nos matábamos
Y ahora dice que no me conoce, no no no no no
Y si me ha visto se supone que en el pasado fue
Yo sí me acuerdo cómo lo hacíamos
Cómo en la cama nos matábamos

J Balvin man
Ozuna
Ozuna man
Arca
Ozuna
Arca man
Austin baby
Así es como es
Chris Jeday
Ahora dice
Ahora dice"
11,11,"Cuando no la llamo
Siempre me hace reclamos
Discutimos peleamos
Pero llego a casa en la noche
La molesto y arreglamos

Ah ah ah, ah ah ah
Peleamos, nos arreglamos
Nos mantenemos en esa pero nos amamos
Ay vamos
Ah ah ah, ah ah ah
Qué pena me daría
No tenerte en mi vida, vida mía, mami
Ah ah ah, ah ah ah
Peleamos, nos arreglamos
Nos mantenemos en esa pero nos amamos
Ay vamos
Ah ah ah, ah ah ah
Qué pena me daría
No tenerte en mi vida, vida mía
(Ay vamos)

No importa si estás lejos
Siempre te siento presente
Y estoy pendiente de tí frecuentemente
Cuando estoy en la calle
Resolviendo mis problemas
Es pa' nuestro futuro
Yo no sé por qué me celas
No soy un santo
Tampoco ando en cosas malas
Cuando no estoy contigo
Es porque ando con mis panas
Somos polos opuestos
Y por eso nos gustamos
Qué más le vamos a hacer
Si así nos enamoramos
Y ahí vamos

Ah ah ah, ah ah ah
Peleamos, nos arreglamos
Nos mantenemos en esa pero nos amamos
Ay vamos
Ah ah ah, ah ah ah
Qué pena me daría
No tenerte en mi vida, vida mía, mami

Todos los días yo la tengo que ver
Así peleemos primero mi mujer
Mami, no me celes tanto
Que yo siempre me conmuevo con tu llanto
Nena, nena, tranquilícese
Que en la calle a nadie besé
Yo solo tengo ojos pa' usted
Relájate, despreocúpate
Nena, nena, tranquilícese
Que en la calle a nadie besé
Yo solo tengo ojos pa' usted
Relájate, despreocúpate
Que ahí vamos

Ah ah ah, ah ah ah
Peleamos, nos arreglamos
Nos mantenemos en esa pero nos amamos
Ay vamos
Ah ah ah, ah ah ah
Qué pena me daría
No tenerte en mi vida, vida mía, mami
Ay vamos

Nena, nena, tranquilícese
Que en la calle a nadie besé
Nena, nena, tranquilícese
Que en la calle a nadie besé"
12,12,"Ya esta amaneciendo, el sol saliendo
Yo amanezco a lado tuyo, bebe
Y aun no recuerdo lo que sucedió ayer
Quisiera saber cuál es tu nombre, mujer

Pero que clase de rumba pa pa pa
La que yo cogí anoche que que que
No recuerdo lo que sucedió
Pero que clase de rumba pa pa pa
La que yo cogí anoche que que que
No recuerdo lo que sucedió

Pero que hora son, qué fue lo que paso
Por qué farru tiene el carro aparcado en la habitación
Yo no recuerdo, solo se que amaneció
Y que tenía un tatuaje que decía peace & love
Pero que confusión, creo que cometí un error
Y mezcle los tragos y una pastillitas de color
Que sentimiento creo que tenía un medicamento
De esos que te noquean duro contra el pavimento

Ya son las 6 de la mañana
Y todavía no recuerdo nada
Ni siquiera conozco tu cara
Pero amaneciste aquí en mi cama
Ya son las 6 de la mañana
Y todavía no recuerdo nada
Ni siquiera conozco tu cara
Pero amaneciste aquí en mi cama

Pero que clase de rumba pa pa pa
La que yo cogí anoche que que que
No recuerdo lo que sucedió
Pero que clase de rumba pa pa pa
La que yo cogí anoche que que que
No recuerdo lo que sucedió

Y ya no me acuerdo de nada, no tengo nada en la mente
Solo que estaba tomando mucho ron con aguardiente
Rumbiando en la disco estaba prendido el ambiente
Ese es mi único recuerdo hasta donde estuve consciente
Se acababa la botella y de camino ya venia
J Balvin me estaba hablando y no sabia lo que decía
Creo que nos presentaron, aun no lo se todavía
Que no recuerdo tu nombre mala suerte la mía

Ya son las 6 de la mañana
Y todavía no recuerdo nada
Ni siquiera conozco tu cara
Pero amaneciste aquí en mi cama
Ya son las 6 de la mañana
Y todavía no recuerdo nada
Ni siquiera conozco tu cara
Pero amaneciste aquí en mi cama

Ya esta amaneciendo, el sol saliendo
Yo amanezco a lado tuyo, bebe
Y aun no recuerdo lo que sucedió ayer
Quisiera saber cuál es tu nombre, mujer

Pero que clase de rumba pa pa pa
La que yo cogí anoche que que que
No recuerdo lo que sucedió
Pero que clase de rumba pa pa pa
La que yo cogí anoche que que que
No recuerdo lo que sucedió"
13,13,"Yo vivo día y noche pensando en ti
Y tú perdiendo el tiempo con él
Dime dónde estás que yo te quiero ver
Yeeeh

Si tu novio te deja sola
Dímelo y yo paso a buscarte
Sólo me bastaran un par de horas
Y ese cabrón no va a recuperarte

Si tu novio te deja sola
Dímelo y yo paso a buscarte
Sólo me bastaran un par de horas
Y ese cabrón no va a recuperarte

Un culito así no se encuentra en eBay
Este bicho es tuyo
Te lo tengo all night awake
Más ninguna tiene brake
Yo soy un pitcher
Pero a ti te vo’a hacer el doble play

Yo sé que eres fina
Pero en la cama Sasha Grey
Fumando y bebiendo Grey
Lo siento por Casper
Pero J Lo se va con Drake (Drake)
Te llevo pa' New York
Un fin de semana
Un polvo antes de acostarte
Y otro por la mañana
Hay un chorro de bobos
Que te tienen ganas
Pero diles que tú eres del rey como Lana

Yo siempre me maltrato
Viendo tus videos y tu retrato
Dile a tu novio
Que ya se le venció el contrato
Conmigo son de Wax los arrebato
Yeeeh

Si tu novio te deja sola
Dímelo y yo paso a buscarte
Sólo me bastaran un par de horas
Y ese cabrón no va a recuperarte

Si tu novio te deja sola
Dímelo y yo paso a buscarte
Sólo me bastaran un par de horas
Y ese cabrón no va a recuperarte
Yeeeh

Llégale
Siempre sabe cuándo
Y dónde es
Se trajo a otras amigas
Que tienen novio también
(Y también)
Cada que toco en P.R.
Ella suelta su gato
Y cae donde papi
Cuando me extraña
Quiere que le meta
De sorpresa llega a Medellín

Con él siempre pierde
Conmigo win
Te pienso to' el día bien nasty
Mile' de mujeres
Miles en botellas
No hay chimba
Si tú no estás aquí (aquí)
Dile la verdad al bobo ese
Que no le da a los niveles
Y que tire a ver si puede

A tu jevo (A tu jevo)
Avísale (Avísale)
Que este fin de semana
La pasas con todos tus panas
Y no con él
Yo no juego (Yo no juego)
Avísale (Avísale)
Que encontraste reemplazo
Y que espere pa' un rato
(Yeeeh)

Si tu novio te deja sola
Dímelo y yo paso a buscarte
Sólo me bastaran un par de horas
Y ese cabron no va a recuperarte

Si tu novio te deja sola (Bad Bunny)
Dímelo y yo paso a buscarte (El Conejo Malo)
Sólo me bastaran un par de horas (J Balvin man)
Y ese cabrón no va a recuperarte

A tu jevo (Mambo Kingz)
Avísale (Hear This Music)
Que este fin de semana (DJ Luian)
La pasas con todos tus panas
Y no con él
Yo no juego
Avísale
Que encontraste reemplazo
Y que esperes pa' un rato"
14,14,"Yeah
J Balvin, man
Leggo, leggo

A quién le mientes si en tu soledad
Quieres verme otra vez
Por ti respondo lo que tú me das
Lo que nadie sabe

Me decido por ti, te decides por mí
A la misma hora
Me dan ganas de ti, te dan ganas de mí
A la misma hora

Te quiero sentir aquí
Me dan ganas de ti, te dan ganas de mí
A la misma hora

Tres y cuatro de la mañana
Ven, mata estas ganas
Vamos a llegarle a mi cama
Que todo lo he ignorado por ti
Todo ha sido por ti
Mi cuerpo, sin saber, te llama

Y estas no son horas de llamar
Pero es que el deseo siempre puede más
Podemos pelearnos y hasta alejarnos
Pero cuando llega la hora

Me decido por ti, te decides por mí
A la misma hora
Me dan ganas de ti, te dan ganas de mí
A la misma hora

Te quiero sentir aquí
Me dan ganas de ti, te dan ganas de mí
A la misma hora

Tratan y se caen de la mata
Quieren comprarte siempre con plata
Pero ese tesoro tiene pirata
Me voy a toda por ti

Tratan y se caen de la mata
Quieren comprarte siempre con plata
Pero ese tesoro tiene pirata
Yo doy la vida por ti

Me decido por ti, te decides por mí
A la misma hora
Me dan ganas de ti, te dan ganas de mí
A la misma hora

Te quiero sentir aquí
Me dan ganas de ti, te dan ganas de mí
A la misma hora

Taiko
J Balvin, man
Colores
Yeah
Tú sabes lo que yo hago por ti"
15,15,"Le gusta salir y amanecer
Beber y enloquecerse
Y cuando el día termine
No sé si la vuelvo a ver

Yo que no traje bloqueador
Pa' tanto calor que quema

Y ese cuerpito que tú tienes
El traje de baño, chiquitito te queda
Esa blanquita coge Sol
Y, de una, ya se pone morena

Un trago en mano, bien borracha
Todos saben que su vida es extrema
Dice que no, pero sé
Que mi flow le corre por las vena'

Y ese cuerpito que tú tienes
El traje de baño, chiquitito te queda
Esa blanquita coge Sol
Y, de una, ya se pone morena

Un trago en mano, bien borracha
Todos saben que su vida es extrema
Dice que no, pero sé
Que mi flow le corre por las vena'

Leggo

Mami, sacúdete la arena
Con ese booty, me duele que seas ajena, ey (ajena)
Se puso una de mis cadena'
Nunca le baja, siempre con la copa llena

Ella entró, saludó y en el bote se montó
Dos cachas y tosió cuando Sky se lo pasó
Me pegué, lo meneó, nunca me dijo que no
Se lució, abusó, y eso que ni se esforzó

Yo que no traje bloqueador
Pa' tanto calor que quema

Y ese cuerpito que tú tienes
El traje de baño, chiquitito te queda
Esa blanquita coge Sol
Y, de una, ya se pone morena

Un trago en mano, bien borracha
Todos saben que su vida es extrema
Dice que no, pero sé
Que mi flow le corre por las vena' (ooh)

Con tu cuerpo, sube la marea (la marea)
En traje de baño, bobo me deja
A lo Yankee, estás dura
Como Maluma, pa' que suba la temperatura

Hace calor, hace calor
Por tu cuerpo baja tu sudor
Toma aguardiente y lo pasa con ron
Si no es bikini, ropa interior

Cuando la vi, yo le dije: ¿cómo fue? (Cómo fue)
Abajo del yate fue que la pillé (la pillé)
Está loca y de todo prueba

Y ese cuerpito que tú tienes
El traje de baño, chiquitito te queda
Esa blanquita coge Sol
Y, de una, ya se pone morena

Un trago en mano, bien borracha
Todos saben que su vida es extrema
Dice que no, pero sé
Que mi flow le corre por las vena'

Y ese cuerpito que tú tienes
El traje de baño, chiquitito te queda
Esa blanquita coge Sol
Y, de una, ya se pone morena

Un trago en mano, bien borracha
Todos saben que su vida es extrema
Dice que no, pero sé
Que mi flow le corre por las vena'

Yeh-yeh
Yeh-yeh"
16,16,"Son más de las doce, nos fuimos de roce
Hoy voy a lo loco, ustedes me conocen (me conocen)
Reggaeton de Tego pa' que se lo gocen (ey)
Saben quién es Balvin, les presento a José

Y yo no me complico, ¿cómo te explico
Que a mí me gusta pasarla rico?
¿Cómo te explico? No me complico
A mí me gusta pasarla rico

Despué' de las doce, salimo' a buscar el party (party)
Ando con lo' tiguere', estamo' en modo safari
Y con un flow violento que parecemo' sicario'
Yo tomando vino y alguno' fumando mari

La policía está molesta porque
Ya se puso buena la fiesta, pero
Estamo' legal, no me pueden arrestar
Por eso yo sigo hasta que amanezca, entonce'

Y yo no me complico, ¿cómo te explico
Que a mí me gusta pasarla rico?
¿Cómo te explico? No me complico
A mí me gusta pasarla rico

No me complico, ¿cómo te explico
Que a mí me gusta pasarla rico?
¿Cómo te explico? No me complico
A mí me gusta pasarla rico

Ey, ey
Ey, ey
Ey, ey, ey, ey, ey

Que siga la fiesta, no vamos a parar
Aquí solo se para si llama mi mamá
Hoy me tocó seguir, la gente pide más
Me invitan por aquí, me invitan por allá (ya tú chabe')

Y vamo' a seguir
La' botella' llegan y no las pedí
Sola la casa y están todas solitas
Si saben cómo soy, ¿para qué me invitan?
¿Pa' qué me invitan? (Tú sabe')

Y vamo' a seguir
Las botellas llegan y no las pedí (tú lo sabe')
Sola la casa y están todas solitas
Si saben cómo soy, ¿para qué me invitan?
¿Pa' qué me invitan?

Y yo no me complico, ¿cómo te explico
Que a mí me gusta pasarla rico?
¿Cómo te explico? No me complico
A mí me gusta pasarla rico

Y yo no me complico, ¿cómo te explico
Que a mí me gusta pasarla rico?
¿Cómo te explico? No me complico
A mí me gusta pasarla rico (uh)

Yah, yah, yah, yah
Ey-ey-ey
No me complico (na')
Yo no me complico (na')
Yo no me complico"
17,17,"Dancin' at the ghetto
And at the ghetto
Party in the ghetto
And at the ghetto

Esto se jodió
La vecina no sé qué bebió
El vecino no sé qué prendió
A la gente no sé qué le dio, pero

To' el mundo está loco (está loco)
To' el mundo, to' el mundo está loco (está loco)
To' el mundo raya'o del coco
Y yo solo sé que montaron

Dancin' at the ghetto
And at the ghetto
Party in the ghetto
And at the ghetto

Dancin' at the ghetto
And at the ghetto
Party in the ghetto
And at the ghetto

En el ghetto hay party, to' el mundo, everybody
'Tamo flow rastafari, 'tá perfecto ese body
Mami, tú estás bien salvaje y yo que estoy de safari
DJ, no le baje', pongan la de Tego y de Daddy

Ese culo e' de quilate', se te notan los pilate'
O tú gana' o yo gano, no lo dejamo' en empate
En mi casa es el remate (-mate)

Nos fuimo' lowkey (-key), calla'o, sin dar detalle' (-talle')
La gente ya se dio cuenta, que montamo' la disco en la calle
Y esto es

Dancin' at the ghetto
And at the ghetto
Party in the ghetto
And at the ghetto

Dancin' at the ghetto
And at the ghetto
Party in the ghetto
And at the ghetto

E-En el barrio siempre hay bailoteo, Ave María
El trago nunca falta ni la buena compañía
Yeah, cómo ha cambiado la vida
Yo crecí en el ghetto y el mundo e' la casa mía

Dancin' at the ghetto
And at the ghetto
Party in the ghetto
And at the ghetto

Dancin' at the ghetto
And at the ghetto
Party in the ghetto
And at the ghetto

Skri-Skri, Skrillex
J Balvin, man
Tainy
Mosty

And at the ghetto
And at the ghetto
In da ghetto
And at the ghetto
Party in the ghetto

J Balvin, man"
18,18,"Yeah, yeah, yeah, yeah
Yeah, yeah, yeah, yeah ,ha ha ha
Yeah, yeah, yeah, yeah, the business

Hey hey hey hey hey ven acá
No pierdas el tiempo
Aprovecha el momento y tranquila.
Déjate llevar echate pa acá
Dale vamos allá que llegaron los killa

Trrraaaa-tra tranquila
Dale baby dale que tu no haces fila
Trrraaaa-tra-tranquila
Dale baby que tu eres la que más domina

Relax, nos fuimos al compás
Vamos a hacerlo como si fuera gang
Ella sabe que tengo la clave
Escápate conmigo sólita en la nave
Vámonos manual o en el automático
J to the B tu sabe que soy matematico

Práctico contigo to lo que tu quieras
Pa que la pasemos toda la noche entera
Y veo tu cuerpo wow
The business

He, he, hey, hey, hey, ven acá no pierdas el tiempo
Aprovecha el momento y tranquila
Déjate llevar, hechate pa acá
Dale vamos allá que llegaron los killa

Trrraaaa-tra-tranquila
Dale baby dale que tu no haces fila
Trrraaaa-tra-tranquila
Dale baby que tu eres la que más domina

Impresionante demasiado elegante
Vamos a hacerlo ma que brillé como un diamante
Tu estas bien nice vamos a hacerlo twice
De una ves sabe inteligente más no mais
La forma en que me mira y su vestido bien nice
Hace sentirme frio como si fuera ice
Pero se me pega bailándome en sai
Tiene un doctorado a lo tony dize
Veo tu cuerpo wow
The business

He he hey hey hey ven acá no pierdas el tiempo
Aprovecha el momento y tranquila
Déjate llevar, hechate pa acá
Dale vamos allá que llegaron los killa
Hey ven acá no pierdas el tiempo
Aprovecha el momento y tranquila
Déjate llevar, hechate pa acá
Dale vamos allá que llegaron los killa

Trrraaaa tra tranquila
Dale baby dale que tu no haces fila
Trrraaaa-tra-tranquila
Dale baby que tu eres la que más domina

Mode up mode up mode up
Mode up mode up mode up
Sai en la casa san andres mister pop music
Dj Map, Coltex, Miguel, M
Estamos rompiendo o no estamos rompiendo muchachous
Ok, feeling the music, Mosty
The business la familia
Yeah!
The business

He he hey hey ven a trrraaaa-tranquila
Hey, hey, trrraaaa-trran-quila dejate llevar
Trrraaaa-trrraaaa-trran-quila"
19,19,"Nuevamente te extrañé
Nuevamente te busqué
Y de ti no encontré nada
Ya no escucho ni tu voz
Ya no aguanto este dolor
Hay que tengo me mata

Abrázame aunque no estés a mi lado
Niña siénteme
Me tienes desesperado
Abrázame aunque no estés a mi lado
Niña siénteme
Me tienes desesperado

Tengo miedo en mi mente cuando tú no estás
Te regalo mil caricias mucho más
Tengo tu foto en mi cuarto, una flor marchitada
De la última vez que te pude amar
No, no, no, no quiero que me dejes solo no
No, no, no, hace tiempo que no te toco no

Lejos de ti, cerca de mí
Abrázame aunque no estés a mi lado
Niña siénteme
Me tienes desesperado
Abrázame aunque no estés a mi lado
Niña siénteme
Me tienes desesperado

(Abrázame que estoy desesperado)
Y yo me muero si no te tengo a mi lado
(Abrázame que estoy desesperado)
No-no-no-no-no, no-no-no-no-no baby y yo si te amo
(Abrázame que estoy desesperado)
Yo si te amo, cuánto te extraño

Esto es lo nuevo que traigo yo
Internacional con mucho sabor
Yo soy colombiano de corazón
J balvin, el mago de oz
La sigo enamorando de mí
Todo el mundo me quiere seguir,
El público me acepta así, porque soy versátil
Porque soy versátil

Tengo miedo en mi mente cuando tú no estas
Te regalo mil caricias mucho más
Tengo tu foto en mi cuarto, una flor marchitada
De la última vez que te pude amar
No, no, no, no quiero que me dejes solo, no
No, no, no, hace tiempo que no te toco no

Abrázame aunque no este a mi lado
Niña siénteme
Me tienes desesperado
Abrázame aunque no este a mi lado
Niña siénteme
Me tienes desesperado

Señores y señoritas
Esto fue j balvin
Junto al mago de oz"
20,20,"J Balvin, man
Leggo'

Te sigues perdiendo
Buscarte, más no puedo
Me tienes sediento (yeah) pensando en tu cuerpo
Nada es igual
Ven, volvamos a conversar
Animarte pa' conversar
Porque la verdad

Quiero saber dónde estarás
Si en realidad quieras venir
Ya volverás, yo lo presiento
Que a fuego lento mueres por mí

Quiero saber dónde estarás
Si en realidad quieras venir
Ya volverás, yo lo presiento
Que a fuego lento mueres por mí (mueres por mí)

¿Qué te hiciste querí'a?
¿Qué es de tu vida? (yeah-yeah)
No lo pensamos bien antes de la parti'a (ay-ay)
Tú buscándome en Medallo y yo viviendo en Mia
Desde que yo no estoy tu cama está fría, 'tá fría, 'tá fría (yeah-yeah)

No es culpa mía, ahora todo es diferente (uoh-uoh)
Decisión tuya alejarte de la gente (yeah-yeah)
Pero si vuelve', ma', yo cambio por siempre
Yo cambio por siempre, baby
No es culpa mía, ahora todo es diferente (yeah-yeah)
Decisión tuya alejarte de la gente (de la gente)
Pero si vuelve', ma', yo cambio por siempre (yeah)

Quiero saber dónde estarás
Si en realidad quieras venir
Ya volverás, yo lo presiento
Que a fuego lento mueres por mí

Quiero saber dónde estarás
Si en realidad quieras venir
Ya volverás, yo lo presiento
Que a fuego lento mueres por mí (mueres por mí, baby)

Te haces la inocente y lo sabes
Que va pasando el tiempo y es tarde
Quizás esto no estaba en los planes
Un día te esperé y no llegaste

Esa sensación
Que te comunica tu cuerpo es adicción
Está llena de dudas y prohibición
Creo que hizo falta comunicación
Esa sensación
Que te comunica tu cuerpo es adicción
Está llena de dudas y prohibición
Creo que hizo falta comunicación

Te sigues perdiendo
Buscarte, más no puedo
Me tienes sediento (yeah) pensando en tu cuerpo
Nada es igual
Ven, volvamos a conversar
Animarte pa' conversar
Porque la verdad

Quiero saber dónde estarás (yeah, yeah)
Si en realidad quieras venir (no-oh)
Ya volverás, yo lo presiento
Que a fuego lento mueres por mí (mueres por mí, bebé)

Quiero saber dónde estarás
Si en realidad quieras venir
Ya volverás, yo lo presiento
Que a fuego lento mueres por mí (mueres por mí)

¿Qué te hiciste querí'a?
¿Qué-qué te hiciste querí'a?"
